Player,Team,Age,G,GS,CG,SHO,IP,H,ER,K,BB,HR,W,L,SV,BS,HLD,ERA,WHIP
Roy Halladay,PHI,46,33,33,9,4,250.2,231,68,219,30,24,21,10,0,0,0,2.44,1.04
Felix Hernandez,SEA,37,34,34,6,1,249.2,194,63,232,70,17,13,12,0,0,0,2.27,1.06
CC Sabathia,NYY,43,34,34,2,0,237.2,209,84,197,74,20,21,7,0,0,0,3.18,1.19
Chris Carpenter,STL,48,35,35,1,0,235.0,214,84,179,63,21,16,9,0,0,0,3.22,1.18
Adam Wainwright,STL,42,33,33,5,2,230.1,186,62,213,56,15,20,11,0,0,0,2.42,1.05
Tim Hudson,ATL,48,34,34,1,0,228.2,189,72,139,74,20,17,9,0,0,0,2.83,1.15
Jered Weaver,LAA,40,34,34,0,0,224.1,187,75,233,54,23,13,12,0,0,0,3.01,1.07
Justin Verlander,DET,40,33,33,4,0,224.1,190,84,219,71,14,18,9,0,0,0,3.37,1.16
Brett Myers,HOU,43,33,33,2,0,223.2,212,78,180,66,20,14,8,0,0,0,3.14,1.24
Matt Cain,SF,38,33,33,4,2,223.1,181,78,177,61,22,13,11,0,0,0,3.14,1.08
Ervin Santana,LAA,40,33,33,4,1,222.2,221,97,169,73,27,17,10,0,0,0,3.92,1.32
Ubaldo Jimenez,COL,39,33,33,4,2,221.2,164,71,214,92,10,19,8,0,0,0,2.88,1.15
Carl Pavano,MIN,47,32,32,7,2,221.0,227,92,117,37,24,17,11,0,0,0,3.75,1.19
Zack Greinke,KC,39,33,33,3,0,220.0,219,102,181,55,18,10,14,0,0,0,4.17,1.25
Randy Wolf,MIL,47,34,34,1,1,215.2,213,100,142,87,29,13,12,0,0,0,4.17,1.39
Bronson Arroyo,CIN,46,33,33,2,0,215.2,188,93,121,59,29,17,10,0,0,0,3.88,1.15
Ryan Dempster,CHC,46,34,34,1,0,215.1,198,92,208,86,25,15,12,0,0,0,3.85,1.32
John Lackey,BOS,44,33,33,0,0,215.0,233,105,156,72,18,14,11,0,0,0,4.40,1.42
John Danks,CWS,38,32,32,1,1,213.0,189,88,162,70,18,15,11,0,0,0,3.72,1.22
Tim Lincecum,SF,39,33,33,1,1,212.1,194,81,231,76,18,16,10,0,0,0,3.43,1.27
Livan Hernandez,WAS,48,33,33,2,1,211.2,216,86,114,64,16,10,12,0,0,0,3.66,1.32
Mark Buehrle,CWS,44,33,33,3,0,210.1,246,100,99,49,17,13,13,0,0,0,4.28,1.40
Roberto Hernandez,CLE,42,33,33,4,1,210.1,203,88,124,72,17,13,14,0,0,0,3.77,1.31
Ricky Romero,TOR,38,32,32,3,1,210.0,189,87,174,82,15,14,9,0,0,0,3.73,1.29
Jeremy Guthrie,BAL,44,32,32,0,0,209.1,193,89,119,50,25,11,14,0,0,0,3.83,1.16
Cole Hamels,PHI,39,33,33,1,0,208.2,185,71,211,61,26,12,11,0,0,0,3.06,1.18
David Price,TB,38,32,31,2,1,208.2,170,63,188,79,15,19,6,0,0,0,2.72,1.19
Jon Lester,BOS,39,32,32,2,0,208.0,167,75,225,83,14,19,9,0,0,0,3.25,1.20
Matt Garza,TB,39,33,32,3,1,204.2,193,89,150,63,28,15,10,1,0,0,3.91,1.25
Clayton Kershaw,LAD,35,32,32,1,1,204.1,160,66,212,81,13,13,10,0,0,0,2.91,1.18
Mike Pelfrey,NYM,39,34,33,0,0,204.0,213,83,113,68,12,15,9,1,0,0,3.66,1.38
C.J. Wilson,TEX,42,33,33,3,0,204.0,161,76,170,93,10,15,8,0,0,0,3.35,1.25
James Shields,TB,41,34,33,0,0,203.1,246,117,187,51,34,13,15,0,0,0,5.18,1.46
Tommy Hanson,ATL,37,34,34,1,0,202.2,182,75,173,56,14,10,11,0,0,0,3.33,1.17
Clayton Richard,SD,40,33,33,1,1,201.2,206,84,153,78,16,14,9,0,0,0,3.75,1.41
Colby Lewis,TEX,44,32,32,1,0,201.0,174,83,196,65,21,12,13,0,0,0,3.72,1.19
Gio Gonzalez,OAK,38,33,33,1,0,200.2,171,72,171,92,15,15,9,0,0,0,3.23,1.31
Rodrigo Lopez,ARI,47,33,33,0,0,200.0,227,111,116,56,37,7,16,0,0,0,5.00,1.42
Jon Garland,SD,43,33,33,0,0,200.0,176,77,136,87,20,14,12,0,0,0,3.47,1.32
Barry Zito,SF,45,34,33,1,0,199.1,184,92,150,84,20,9,14,0,0,0,4.15,1.34
Johan Santana,NYM,44,29,29,4,2,199.0,179,66,144,55,16,11,9,0,0,0,2.98,1.18
Trevor Cahill,OAK,35,30,30,1,1,196.2,155,65,118,63,19,18,8,0,0,0,2.97,1.11
Hiroki Kuroda,LAD,48,31,31,0,0,196.1,180,74,159,48,15,11,13,0,0,0,3.39,1.16
Max Scherzer,DET,39,31,31,0,0,195.2,174,76,184,70,20,12,11,0,0,0,3.50,1.25
Shaun Marcum,TOR,41,31,31,1,0,195.1,181,79,165,43,24,13,8,0,0,0,3.64,1.15
Anibal Sanchez,FLA,39,32,32,1,1,195.0,192,77,157,70,10,13,12,0,0,0,3.55,1.34
Wandy Rodriguez,HOU,44,32,32,0,0,195.0,183,78,178,68,16,11,12,0,0,0,3.60,1.29
Randy Wells,CHC,41,32,32,0,0,194.1,209,92,144,63,19,8,14,0,0,0,4.26,1.40
Ian Kennedy,ARI,38,32,32,0,0,194.0,163,82,168,70,26,9,10,0,0,0,3.80,1.20
Derek Lowe,ATL,50,33,33,0,0,193.2,204,86,136,61,18,16,12,0,0,0,4.00,1.37
Jonathan Sanchez,SF,40,34,33,0,0,193.1,142,66,205,96,21,13,9,0,0,1,3.07,1.23
Dallas Braden,OAK,40,30,30,5,2,192.2,180,75,113,43,17,11,14,0,0,0,3.50,1.16
Jason Vargas,SEA,40,31,31,0,0,192.2,187,81,116,54,18,9,12,0,0,0,3.78,1.25
Francisco Liriano,MIN,39,31,31,0,0,191.2,184,77,201,58,9,14,10,0,0,0,3.62,1.26
Chad Billingsley,LAD,39,31,31,1,1,191.2,176,76,171,69,8,12,11,0,0,0,3.57,1.28
Kevin Millwood,BAL,48,31,31,1,0,190.2,223,108,132,65,30,4,16,0,0,0,5.10,1.51
Gavin Floyd,CWS,40,31,31,1,0,187.1,199,85,151,58,14,10,13,0,0,0,4.08,1.37
A.J. Burnett,NYY,46,33,33,1,0,186.2,204,109,145,78,25,10,15,0,0,0,5.26,1.51
Johnny Cueto,CIN,37,31,31,1,1,185.2,181,75,138,56,19,12,7,0,0,0,3.64,1.28
Paul Maholm,PIT,41,32,32,1,1,185.1,228,105,102,62,15,9,15,0,0,0,5.10,1.56
Yovani Gallardo,MIL,37,31,31,2,2,185.0,178,79,200,75,12,14,7,0,0,0,3.84,1.37
Mat Latos,SD,35,31,31,1,1,184.2,150,60,189,50,16,14,10,0,0,0,2.92,1.08
Josh Johnson,FLA,39,28,28,1,0,183.2,155,47,186,48,7,11,6,0,0,0,2.30,1.11
Kyle Davies,KC,40,32,32,1,0,183.2,206,109,126,80,20,8,12,0,0,0,5.34,1.56
Kyle Kendrick,PHI,39,33,31,1,0,180.2,199,95,84,49,26,11,10,0,0,0,4.73,1.37
Justin Masterson,CLE,38,34,29,1,1,180.0,197,94,140,73,14,6,13,0,0,2,4.70,1.50
Jason Hammel,COL,41,30,30,0,0,177.2,201,95,141,47,18,10,9,0,0,0,4.81,1.40
Phil Hughes,NYY,37,31,29,0,0,176.1,162,82,146,58,25,18,8,0,0,0,4.19,1.25
Brian Matusz,BAL,36,32,32,0,0,175.2,173,84,143,63,19,10,12,0,0,0,4.30,1.34
Joe Blanton,PHI,42,29,28,0,0,175.2,206,94,134,43,27,9,6,0,0,0,4.82,1.42
Chris Volstad,FLA,36,30,30,2,1,175.0,187,89,102,60,17,12,9,0,0,0,4.58,1.41
Jeff Niemann,TB,40,30,29,1,1,174.1,159,85,131,61,25,12,8,0,0,0,4.39,1.26
Dave Bush,MIL,43,32,31,0,0,174.1,198,88,107,65,28,8,13,0,0,1,4.54,1.51
R.A. Dickey,NYM,48,27,26,2,1,174.1,165,55,104,42,13,11,9,0,0,1,2.84,1.19
Clay Buchholz,BOS,39,28,28,1,1,173.2,142,45,120,67,9,17,7,0,0,0,2.33,1.20
Jon Niese,NYM,36,30,30,2,1,173.2,192,81,148,62,20,9,10,0,0,0,4.20,1.46
Brett Cecil,TOR,37,28,28,0,0,172.2,175,81,117,54,18,15,7,0,0,0,4.22,1.33
Jeremy Bonderman,DET,40,30,29,0,0,171.0,187,105,112,60,25,8,10,0,0,1,5.53,1.44
Doug Fister,SEA,39,28,28,0,0,171.0,187,78,93,32,13,6,14,0,0,0,4.11,1.28
Scott Baker,MIN,42,29,29,0,0,170.1,186,85,148,43,23,12,9,0,0,0,4.49,1.34
Brad Bergesen,BAL,37,30,28,2,0,170.0,193,94,81,51,26,8,12,0,0,0,4.98,1.44
Wade Davis,TB,38,29,29,0,0,168.0,165,76,113,62,24,12,10,0,0,0,4.07,1.35
Chris Narveson,MIL,41,37,28,0,0,167.2,172,93,137,59,21,12,9,0,1,3,4.99,1.38
Jaime Garcia,STL,37,28,28,1,1,163.1,151,49,132,64,9,13,8,0,0,0,2.70,1.32
Rick Porcello,DET,34,27,27,0,0,162.2,188,89,84,38,18,10,12,0,0,0,4.92,1.39
Nick Blackburn,MIN,41,28,26,1,0,161.0,194,97,68,40,25,10,12,0,0,0,5.42,1.45
Mitch Talbot,CLE,39,28,28,1,0,159.1,169,78,88,69,13,10,13,0,0,0,4.41,1.49
Zach Duke,PIT,40,29,29,0,0,159.0,212,101,96,51,25,8,15,0,0,0,5.72,1.65
Ricky Nolasco,FLA,40,26,26,1,0,157.2,169,79,147,33,24,14,9,0,0,0,4.51,1.28
Javier Vazquez,NYY,47,31,26,0,0,157.1,155,93,121,65,32,10,10,0,0,1,5.32,1.40
Freddy Garcia,CWS,46,28,28,0,0,157.0,171,81,89,45,23,12,6,0,0,0,4.64,1.38
Kevin Slowey,MIN,39,30,28,0,0,155.2,172,77,116,29,21,13,6,0,0,0,4.45,1.29
Bud Norris,HOU,38,27,27,0,0,153.2,151,84,158,77,18,9,10,0,0,0,4.92,1.48
Daisuke Matsuzaka,BOS,43,25,25,0,0,153.2,137,80,133,74,13,9,6,0,0,0,4.69,1.37
Joel Pineiro,LAA,44,23,23,3,1,152.1,155,65,92,34,15,10,7,0,0,0,3.84,1.24
Scott Kazmir,LAA,39,28,28,0,0,150.0,158,99,93,79,25,9,15,0,0,0,5.94,1.58
Brandon Morrow,TOR,39,26,26,1,1,146.1,136,73,178,66,11,10,7,0,0,0,4.49,1.38
Wade LeBlanc,SD,39,26,25,0,0,146.0,157,69,110,51,24,8,12,0,0,0,4.25,1.42
Kevin Correia,SD,43,28,26,0,0,145.0,152,87,115,64,20,10,10,0,0,0,5.40,1.49
Armando Galarraga,DET,41,25,24,2,1,144.1,143,72,74,51,21,4,9,0,0,0,4.49,1.34
John Lannan,WAS,38,25,25,0,0,143.1,175,74,71,49,14,8,8,0,0,0,4.65,1.56
Scott Feldman,TEX,40,29,22,0,0,141.1,181,86,75,45,18,7,11,0,0,0,5.48,1.60
Dan Haren,ARI,43,21,21,1,0,141.0,161,72,141,29,23,7,8,0,0,0,4.60,1.35
Bruce Chen,KC,46,33,23,1,1,140.1,136,65,98,57,17,12,7,1,0,0,4.17,1.38
Tim Wakefield,BOS,57,32,19,0,0,140.0,153,83,84,36,19,4,10,0,0,0,5.34,1.35
Mike Leake,CIN,35,24,22,0,0,138.1,158,65,91,49,19,8,4,0,0,0,4.23,1.50
Jhoulys Chacin,COL,35,28,21,0,0,137.1,114,50,138,61,10,9,11,0,0,0,3.28,1.27
Tom Gorzelanny,CHC,41,29,23,0,0,136.1,136,62,119,68,11,7,9,1,0,1,4.09,1.50
Edwin Jackson,ARI,40,21,21,1,1,134.1,141,77,104,60,13,6,10,0,0,0,5.16,1.50
Brian Duensing,MIN,40,53,13,1,1,130.2,122,38,78,35,11,10,3,0,0,9,2.62,1.20
Carlos Zambrano,CHC,42,36,20,0,0,129.2,119,48,117,69,7,11,6,0,0,4,3.33,1.45
Roy Oswalt,HOU,46,20,20,1,1,129.0,109,49,120,34,13,6,12,0,0,0,3.42,1.11
Andy Pettitte,NYY,51,21,21,0,0,129.0,123,47,101,41,13,11,3,0,0,0,3.28,1.27
Tommy Hunter,TEX,37,23,22,1,0,128.0,126,53,68,33,21,13,4,0,0,0,3.73,1.24
Craig Stammen,WAS,39,35,19,0,0,128.0,151,73,85,41,13,4,4,0,0,1,5.13,1.50
Aaron Cook,COL,44,23,23,2,0,127.2,147,72,62,52,11,6,8,0,0,0,5.08,1.56
Josh Beckett,BOS,43,21,21,0,0,127.2,151,82,116,45,20,6,6,0,0,0,5.78,1.54
Jake Westbrook,CLE,45,21,21,1,0,127.2,133,66,73,44,15,6,7,0,0,0,4.65,1.39
Brian Bannister,KC,42,24,23,0,0,127.2,158,90,77,50,23,7,12,0,0,0,6.34,1.63
Jeff Karstens,PIT,40,26,19,0,0,122.2,146,67,72,27,21,3,10,0,0,0,4.92,1.41
Vin Mazzaro,OAK,36,24,18,0,0,122.1,127,58,79,50,19,6,8,0,0,0,4.27,1.45
Manny Parra,MIL,40,42,16,0,0,122.0,135,68,129,63,18,3,10,0,0,0,5.02,1.62
Hisanori Takahashi,NYM,48,53,12,0,0,122.0,116,49,114,43,13,10,6,8,0,3,3.61,1.30
Jorge De La Rosa,COL,42,20,20,0,0,121.2,105,57,113,55,15,8,7,0,0,0,4.22,1.32
Joe Saunders,LAA,42,20,20,2,1,120.2,135,62,64,45,14,6,10,0,0,0,4.62,1.49
Ben Sheets,OAK,45,20,20,0,0,119.1,123,60,84,43,18,4,9,0,0,0,4.53,1.39
Ted Lilly,CHC,47,18,18,0,0,117.0,104,48,89,29,19,3,8,0,0,0,3.69,1.14
Jair Jurrjens,ATL,37,20,20,0,0,116.1,120,60,86,42,13,7,6,0,0,0,4.64,1.39
Carlos Silva,CHC,44,21,21,0,0,113.0,120,53,80,24,11,10,6,0,0,0,4.22,1.27
Brett Anderson,OAK,35,19,19,0,0,112.1,112,35,75,22,6,7,6,0,0,0,2.80,1.19
Jamie Moyer,PHI,60,19,19,2,1,111.2,103,60,63,20,20,9,9,0,0,0,4.84,1.10
Aaron Harang,CIN,45,22,20,0,0,111.2,139,66,82,38,16,6,7,0,0,0,5.32,1.59
Madison Bumgarner,SF,34,18,18,0,0,111.0,119,37,86,26,11,7,6,0,0,0,3.00,1.31
Ryan Rowland-Smith,SEA,40,27,20,0,0,109.1,141,82,49,44,25,1,10,0,0,0,6.75,1.69
Homer Bailey,CIN,37,19,19,1,1,109.0,109,54,100,40,11,4,3,0,0,0,4.46,1.37
Cliff Lee,TEX,45,15,15,2,0,108.2,103,48,96,12,11,4,6,0,0,0,3.98,1.06
Ross Ohlendorf,PIT,41,21,21,0,0,108.1,106,49,79,44,12,1,11,0,0,0,4.07,1.38
Kris Medlen,ATL,37,31,14,0,0,107.2,108,44,83,21,13,6,2,0,0,1,3.68,1.20
Jake Peavy,CWS,42,17,17,1,1,107.0,98,55,93,34,13,7,6,0,0,0,4.63,1.23
Jeff Francis,COL,42,20,19,0,0,104.1,119,58,67,23,11,4,6,0,0,0,5.00,1.36
Cliff Lee,SEA,45,13,13,5,1,103.2,92,27,89,6,5,8,3,0,0,0,2.34,0.95
Luke Hochevar,KC,40,18,17,1,0,103.0,110,55,76,37,9,6,6,0,0,0,4.81,1.43
Travis Wood,CIN,36,17,17,0,0,102.2,85,40,86,26,9,5,4,0,0,0,3.51,1.08
Tony Pena,CWS,41,52,3,0,0,100.2,108,57,56,45,10,5,3,0,0,1,5.10,1.52
Nate Robertson,FLA,46,19,18,0,0,100.1,110,61,61,40,11,6,8,0,0,0,5.47,1.50
Jake Arrieta,BAL,37,18,18,0,0,100.1,106,52,52,48,9,6,6,0,0,0,4.66,1.53
John Ely,LAD,37,18,18,0,0,100.0,105,61,76,40,12,4,10,0,0,0,5.49,1.45
Barry Enright,ARI,37,17,17,0,0,99.0,97,43,49,29,20,6,7,0,0,0,3.91,1.27
Vicente Padilla,LAD,45,16,16,1,1,95.0,79,43,84,24,14,6,5,0,0,0,4.07,1.08
Dan Haren,LAA,43,14,14,1,0,94.0,84,30,75,25,8,5,4,0,0,0,2.87,1.16
Rich Harden,TEX,41,20,18,0,0,92.0,91,57,75,62,18,5,5,0,0,0,5.58,1.66
Matt Belisle,COL,43,76,0,0,0,92.0,84,30,91,16,7,7,5,1,1,21,2.93,1.09
Kyle Lohse,STL,44,18,18,0,0,92.0,129,67,54,35,9,4,8,0,0,0,6.55,1.78
Felipe Paulino,HOU,39,19,14,0,0,91.2,95,52,83,46,4,1,9,0,1,1,5.11,1.54
Tyler Clippard,WAS,38,78,0,0,0,91.0,69,31,112,41,8,11,8,1,10,23,3.07,1.21
David Pauley,SEA,40,19,15,0,0,90.2,89,41,51,30,13,4,9,0,0,0,4.07,1.31
Blake Hawksworth,STL,40,45,8,0,0,90.1,113,50,61,35,15,4,8,0,0,4,4.98,1.64
Carlos Monasterios,LAD,37,32,13,0,0,88.1,99,43,52,29,15,3,5,0,0,0,4.38,1.45
Luke French,SEA,38,16,13,0,0,87.2,88,47,37,29,13,5,7,0,0,0,4.83,1.33
Kenshin Kawakami,ATL,48,18,16,0,0,87.1,98,50,59,32,10,1,10,0,0,0,5.15,1.49
Luis Atilano,WAS,38,16,16,0,0,85.2,96,49,40,32,11,6,7,0,0,0,5.15,1.49
Jonny Venters,ATL,38,79,0,0,0,83.0,61,18,93,39,1,4,4,1,4,24,1.95,1.20
Tim Stauffer,SD,41,32,7,0,0,82.2,65,17,61,24,3,6,5,0,0,0,1.85,1.08
Joe Saunders,ARI,42,13,13,1,0,82.2,97,39,50,19,11,3,7,0,0,0,4.25,1.40
Roy Oswalt,PHI,46,13,12,1,1,82.2,53,16,73,21,6,7,1,0,0,0,1.74,0.90
Miguel Batista,WAS,52,58,1,0,0,82.2,71,34,55,39,9,1,2,2,0,1,3.70,1.33
Scott Olsen,WAS,39,17,15,0,0,81.0,93,50,53,27,10,4,8,0,0,0,5.56,1.48
Andy Sonnanstine,TB,40,41,4,0,0,81.0,83,40,50,27,11,3,1,1,0,0,4.44,1.36
Evan Meek,PIT,40,70,0,0,0,80.0,53,19,70,31,5,5,4,4,6,15,2.14,1.05
David Huff,CLE,39,15,15,1,0,79.2,101,55,37,34,14,2,11,0,0,0,6.21,1.69
Charlie Morton,PIT,39,17,17,0,0,79.2,112,67,59,26,15,2,12,0,0,0,7.57,1.73
Daniel Hudson,ARI,36,11,11,0,0,79.2,51,15,70,16,7,7,1,0,0,0,1.69,0.84
David Hernandez,BAL,38,41,8,0,0,79.1,72,38,72,42,9,8,8,2,4,2,4.31,1.44
Brian Burres,PIT,42,20,13,0,0,79.1,87,44,45,34,9,4,5,0,0,0,4.99,1.53
Brandon League,SEA,40,70,0,0,0,79.0,67,30,56,27,7,9,7,6,6,13,3.42,1.19
Matt Harrison,TEX,38,37,6,0,0,78.1,80,41,46,39,10,3,2,2,1,3,4.71,1.52
Luke Gregerson,SD,39,80,0,0,0,78.1,47,28,89,18,8,4,7,2,5,40,3.22,0.83
Brandon Lyon,HOU,44,79,0,0,0,78.0,68,27,54,31,2,6,6,20,2,19,3.12,1.27
Carlos Marmol,CHC,40,77,0,0,0,77.2,40,22,138,52,1,2,3,38,5,0,2.55,1.18
Brian Tallet,TOR,46,34,5,0,0,77.1,84,55,53,38,20,2,6,0,2,1,6.40,1.58
Ted Lilly,LAD,47,12,12,1,1,76.2,61,30,77,15,13,7,4,0,0,0,3.52,0.99
Nick Masset,CIN,41,82,0,0,0,76.2,64,29,85,33,7,4,4,2,3,20,3.40,1.27
Matt Albers,BAL,40,62,0,0,0,75.2,78,38,49,34,6,5,3,0,2,7,4.52,1.48
Mark Hendrickson,BAL,49,52,1,0,0,75.1,97,44,55,20,9,1,6,0,2,8,5.26,1.55
Kyle McClellan,STL,39,68,0,0,0,75.1,58,19,60,23,9,1,4,2,1,19,2.27,1.08
Edwin Jackson,CWS,40,11,11,0,0,75.0,73,27,77,18,8,4,2,0,0,0,3.24,1.21
Clay Hensley,FLA,44,68,0,0,0,75.0,54,18,77,29,3,3,4,7,3,22,2.16,1.11
Jake Westbrook,STL,45,12,12,0,0,75.0,70,29,55,24,5,4,4,0,0,0,3.48,1.25
Sean Marshall,CHC,41,80,0,0,0,74.2,58,22,90,25,3,7,5,1,2,22,2.65,1.11
Daniel Bard,BOS,38,73,0,0,0,74.2,45,16,76,30,6,1,2,3,7,32,1.93,1.00
Brian Wilson,SF,41,70,0,0,0,74.2,62,15,93,26,3,3,3,48,5,0,1.81,1.18
Craig Breslow,OAK,43,75,0,0,0,74.2,53,25,71,29,9,4,4,5,2,16,3.01,1.10
Josh Tomlin,CLE,38,12,12,1,0,73.0,72,37,43,19,10,6,4,0,0,0,4.56,1.25
Francisco Cordero,CIN,48,75,0,0,0,72.2,68,31,59,36,5,6,5,40,8,1,3.84,1.43
Shawn Camp,TOR,47,70,0,0,0,72.1,71,24,46,18,8,4,3,2,2,13,2.99,1.23
Alex Sanabia,FLA,35,15,12,0,0,72.1,74,30,47,16,6,5,3,0,0,0,3.73,1.24
Aaron Heilman,ARI,44,70,0,0,0,72.0,73,36,55,26,9,5,8,6,8,12,4.50,1.38
J.A. Happ,HOU,40,13,13,1,1,72.0,60,30,61,35,7,5,4,0,0,0,3.75,1.32
Esmil Rogers,COL,38,28,8,0,0,72.0,94,49,66,26,5,2,3,0,1,1,6.13,1.67
Joba Chamberlain,NYY,37,73,0,0,0,71.2,71,35,77,22,6,3,4,3,4,26,4.40,1.30
Matt Guerrier,MIN,45,74,0,0,0,71.0,56,25,42,22,7,5,7,1,6,23,3.17,1.10
Sean O'Sullivan,KC,36,14,13,0,0,70.2,83,48,37,27,14,3,6,0,0,0,6.11,1.56
Jeff Suppan,STL,48,15,13,0,0,70.1,80,30,33,25,9,3,6,0,0,0,3.84,1.49
Heath Bell,SD,45,67,0,0,0,70.0,56,15,86,28,1,6,1,47,3,0,1.93,1.20
Joel Hanrahan,PIT,41,72,0,0,0,69.2,58,28,100,26,6,4,1,6,4,18,3.62,1.21
Edward Mujica,SD,39,59,0,0,0,69.2,59,28,72,6,14,2,1,0,1,4,3.62,0.93
Neftali Feliz,TEX,35,70,0,0,0,69.1,43,21,71,18,5,4,3,40,3,3,2.73,0.88
Billy Wagner,ATL,52,71,0,0,0,69.1,38,11,104,22,5,7,2,37,7,0,1.43,0.87
Brad Thomas,DET,45,49,2,0,0,69.1,77,30,30,29,4,6,2,0,0,3,3.89,1.53
Chad Durbin,PHI,45,64,0,0,0,68.2,63,29,63,27,7,4,1,0,1,15,3.80,1.31
Casey Janssen,TOR,42,56,0,0,0,68.2,74,28,63,21,8,5,2,0,0,2,3.67,1.38
Eddie Bonine,DET,42,47,1,0,0,68.0,84,35,26,22,7,4,1,0,0,2,4.63,1.56
Fernando Rodney,LAA,46,72,0,0,0,68.0,70,32,53,35,4,4,3,14,7,21,4.24,1.54
Jesse Crain,MIN,42,71,0,0,0,68.0,53,23,62,27,5,1,1,1,3,21,3.04,1.18
Stephen Strasburg,WAS,35,12,12,0,0,68.0,56,22,92,17,5,5,3,0,0,0,2.91,1.07
Daniel McCutchen,PIT,40,28,9,0,0,67.2,83,46,38,28,13,2,5,0,0,0,6.12,1.64
Burke Badenhop,FLA,40,53,0,0,0,67.2,62,30,47,21,5,2,5,1,2,8,3.99,1.23
Mitchell Boggs,STL,39,61,0,0,0,67.1,60,27,52,27,5,2,3,0,0,6,3.61,1.29
Wilton Lopez,HOU,40,68,0,0,0,67.0,66,22,50,5,4,5,2,1,2,14,2.96,1.06
Jonathan Papelbon,BOS,42,65,0,0,0,67.0,57,29,76,28,7,5,7,37,8,0,3.90,1.27
Nelson Figueroa,HOU,49,18,10,0,0,67.0,64,24,58,25,9,5,3,0,0,0,3.22,1.33
Mike Adams,SD,45,70,0,0,0,66.2,48,13,73,23,2,4,1,0,4,38,1.76,1.07
Chris Capuano,MIL,45,24,9,0,0,66.0,65,29,54,21,9,4,4,0,0,1,3.95,1.30
Joakim Soria,KC,39,66,0,0,0,65.2,53,13,71,16,4,1,2,43,3,0,1.78,1.05
Dustin Moseley,NYY,41,16,9,0,0,65.1,66,36,33,27,13,4,4,0,0,0,4.96,1.42
Ryan Franklin,STL,50,59,0,0,0,65.0,57,25,42,10,7,6,2,27,2,0,3.46,1.03
Juan Oviedo,FLA,41,68,0,0,0,65.0,62,25,71,21,5,4,3,30,8,5,3.46,1.28
Phil Coke,DET,41,74,1,0,0,64.2,67,27,53,26,2,7,5,2,2,17,3.76,1.44
James McDonald,PIT,38,11,11,0,0,64.0,59,25,61,24,3,4,5,0,0,0,3.52,1.30
Jason Frasor,TOR,46,69,0,0,0,63.2,61,26,65,27,4,3,4,4,4,14,3.68,1.38
Peter Moylan,ATL,44,85,0,0,0,63.2,53,21,52,37,5,6,2,1,3,21,2.97,1.41
Brian Sanches,FLA,45,61,0,0,0,63.2,43,16,54,27,7,2,2,0,1,12,2.26,1.10
Marc Rzepczynski,TOR,38,14,12,0,0,63.2,72,35,57,30,8,4,4,0,0,2,4.95,1.60
Chris Perez,CLE,38,63,0,0,0,63.0,40,12,61,28,4,2,2,23,4,9,1.71,1.08
Tony Sipp,CLE,40,70,0,0,0,63.0,48,29,69,39,12,2,2,1,2,15,4.14,1.38
Sean Burnett,WAS,41,73,0,0,0,63.0,52,15,62,20,3,1,7,3,1,20,2.14,1.14
Jose Valverde,DET,45,60,0,0,0,63.0,41,21,63,32,5,2,4,26,3,0,3.00,1.16
Pedro Feliciano,NYM,47,92,0,0,0,62.2,66,23,56,30,1,3,6,0,1,23,3.30,1.53
Edinson Volquez,CIN,40,12,12,0,0,62.2,59,30,67,35,6,4,3,0,0,0,4.31,1.50
Ryan Perry,DET,36,60,0,0,0,62.2,55,25,45,23,6,3,5,2,3,19,3.59,1.24
Jason Berken,BAL,39,41,0,0,0,62.1,64,21,45,19,5,3,3,0,4,7,3.03,1.33
Manuel Corpas,COL,40,56,0,0,0,62.1,66,32,47,22,7,3,5,10,4,2,4.62,1.41
Todd Coffey,MIL,43,69,0,0,0,62.1,65,33,56,23,8,2,4,0,2,13,4.76,1.41
Jonathan Broxton,LAD,39,64,0,0,0,62.1,64,28,73,28,4,5,6,22,7,3,4.04,1.48
Rafael Soriano,TB,43,64,0,0,0,62.1,36,12,57,14,4,3,2,45,3,0,1.73,0.80
Rafael Betancourt,COL,48,72,0,0,0,62.1,52,25,89,8,9,5,1,1,4,23,3.61,0.96
Lance Cormier,TB,43,60,0,0,0,62.0,68,27,30,34,7,4,3,0,0,4,3.92,1.65
Sergio Romo,SF,40,68,0,0,0,62.0,46,15,70,14,6,5,3,0,4,21,2.18,0.97
Darren O'Day,TEX,40,72,0,0,0,62.0,43,14,45,12,5,6,2,0,2,22,2.03,0.89
Gil Meche,KC,45,20,9,1,0,61.2,65,39,41,38,9,0,5,0,0,6,5.69,1.67
Darren Oliver,TEX,52,64,0,0,0,61.2,53,17,65,15,4,1,2,1,3,14,2.48,1.10
Scott Downs,TOR,47,67,0,0,0,61.1,47,18,48,14,3,5,5,0,2,26,2.64,0.99
David Robertson,NYY,38,64,0,0,0,61.1,59,26,71,33,5,4,5,1,2,14,3.82,1.50
Robinson Tejeda,KC,41,54,0,0,0,61.0,55,24,56,26,5,3,5,0,6,12,3.54,1.33
Trevor Bell,LAA,36,25,7,0,0,61.0,77,32,45,21,2,2,5,0,0,1,4.72,1.61
Rafael Perez,CLE,41,70,0,0,0,61.0,72,22,36,25,3,6,1,0,4,13,3.25,1.59
Matt Thornton,CWS,47,61,0,0,0,60.2,41,18,81,20,3,5,4,8,2,21,2.67,1.01
Brad Ziegler,OAK,43,64,0,0,0,60.2,54,22,41,28,4,3,7,0,4,18,3.26,1.35
Joaquin Benoit,TB,46,63,0,0,0,60.1,30,9,75,11,6,1,2,1,3,25,1.34,0.68
Mariano Rivera,NYY,53,61,0,0,0,60.0,39,12,45,11,2,3,3,33,5,0,1.80,0.83
Hong-Chih Kuo,LAD,42,56,0,0,0,60.0,29,8,73,18,1,3,2,12,1,21,1.20,0.78
Scott Atchison,BOS,47,43,1,0,0,60.0,58,30,41,19,9,2,3,0,0,7,4.50,1.28
Ryan Webb,SD,37,54,0,0,0,59.0,64,19,44,19,1,3,1,0,2,9,2.90,1.41
Kevin Gregg,TOR,45,63,0,0,0,59.0,52,23,58,30,4,2,6,37,6,3,3.51,1.39
Kevin Jepsen,LAA,39,68,0,0,0,59.0,54,26,61,29,2,2,4,0,4,27,3.97,1.41
Todd Wellemeyer,SF,45,13,11,0,0,58.2,57,37,41,35,12,3,5,0,0,0,5.68,1.57
Jason Marquis,WAS,45,13,13,0,0,58.2,76,43,31,24,9,2,9,0,0,0,6.60,1.70
Raul Valdes,NYM,45,38,1,0,0,58.2,59,32,56,27,7,3,3,1,2,1,4.91,1.47
Logan Ondrusek,CIN,38,60,0,0,0,58.2,49,24,39,20,7,5,0,0,2,6,3.68,1.18
Kameron Loe,MIL,42,53,0,0,0,58.1,54,18,46,15,6,3,5,0,2,22,2.78,1.18
John Axford,MIL,40,50,0,0,0,58.0,42,16,76,27,1,8,2,24,3,3,2.48,1.19
Jeanmar Gomez,CLE,35,11,11,0,0,57.2,73,30,34,22,7,4,5,0,0,0,4.68,1.65
Jon Rauch,MIN,44,59,0,0,0,57.2,61,20,46,14,3,3,1,21,4,2,3.12,1.30
Scott Linebrink,CWS,47,52,0,0,0,57.1,59,28,52,17,11,3,2,0,1,4,4.40,1.33
Francisco Rodriguez,NYM,41,53,0,0,0,57.1,45,14,67,21,3,4,2,25,5,0,2.20,1.15
Derek Holland,TEX,36,14,10,0,0,57.1,55,26,54,24,6,3,4,0,0,1,4.08,1.38
Casey Coleman,CHC,36,12,8,0,0,57.0,56,26,27,25,3,4,2,0,0,0,4.11,1.42
Blaine Boyer,ARI,42,54,0,0,0,57.0,59,27,29,29,3,3,2,0,4,5,4.26,1.54
Dustin Nippert,TEX,42,38,2,0,0,56.2,61,27,47,34,7,4,5,0,1,5,4.29,1.68
Jose Contreras,PHI,51,67,0,0,0,56.2,53,21,57,16,5,6,4,4,1,13,3.34,1.22
Brian Moehler,HOU,51,20,8,0,0,56.2,66,31,28,26,5,1,4,0,0,0,4.92,1.62
J.C. Gutierrez,ARI,40,58,0,0,0,56.2,55,32,47,23,13,0,6,15,2,8,5.08,1.38
Dustin Hughes,KC,41,57,0,0,0,56.1,59,24,34,24,3,1,3,0,0,7,3.83,1.47
Aaron Laffey,CLE,38,29,5,0,0,55.2,62,28,28,28,1,2,3,0,0,5,4.53,1.62
D.J. Carrasco,PIT,46,45,0,0,0,55.2,50,24,45,22,4,2,2,0,0,5,3.88,1.29
Brad Penny,STL,45,9,9,0,0,55.2,63,20,35,9,4,3,4,0,0,0,3.23,1.29
Grant Balfour,TB,45,57,0,0,0,55.1,43,14,56,17,3,2,1,0,1,16,2.28,1.08
Santiago Casilla,SF,43,52,0,0,0,55.1,40,12,56,26,2,7,2,2,1,11,1.95,1.19
Drew Storen,WAS,36,54,0,0,0,55.1,48,22,52,22,3,4,4,5,2,10,3.58,1.27
Ronald Belisario,LAD,40,59,0,0,0,55.1,52,31,38,19,6,3,1,2,2,16,5.04,1.28
Arthur Rhodes,CIN,53,69,0,0,0,55.0,38,14,50,18,4,4,4,0,2,26,2.29,1.02
Andrew Cashner,CHC,37,53,0,0,0,54.1,55,29,50,30,8,2,6,0,1,16,4.80,1.56
Guillermo Mota,SF,50,56,0,0,0,54.0,49,26,38,22,4,1,3,1,2,8,4.33,1.31
J.J. Putz,CWS,46,60,0,0,0,54.0,41,17,65,15,4,7,5,3,4,14,2.83,1.04
Sergio Mitre,NYY,42,27,3,0,0,54.0,43,20,29,16,7,0,3,1,0,1,3.33,1.09
Takashi Saito,ATL,53,56,0,0,0,54.0,41,17,69,17,4,2,3,1,1,17,2.83,1.07
Ramon Troncoso,LAD,40,52,0,0,0,54.0,55,26,34,18,7,2,3,0,1,8,4.33,1.35
Esmerling Vasquez,ARI,39,57,0,0,0,53.2,46,31,55,38,6,1,6,0,2,6,5.20,1.57
Chris Tillman,BAL,35,11,11,0,0,53.2,51,35,31,31,9,2,5,0,0,0,5.87,1.53
Matt Lindstrom,HOU,43,58,0,0,0,53.1,68,26,43,20,5,2,5,23,6,4,4.39,1.65
Ryan Madson,PHI,43,55,0,0,0,53.0,42,15,64,13,4,6,2,5,5,15,2.55,1.04
Frank Francisco,TEX,44,56,0,0,0,52.2,49,22,60,18,5,6,4,2,4,15,3.76,1.27
Bobby Jenks,CWS,42,55,0,0,0,52.2,54,26,61,18,3,1,3,27,4,0,4.44,1.37
Carlos Villanueva,MIL,39,50,0,0,0,52.2,48,27,67,22,7,2,0,1,3,14,4.61,1.33
Brad Lincoln,PIT,38,11,9,0,0,52.2,66,39,25,15,9,1,4,0,0,0,6.66,1.54
David Herndon,PHI,38,47,0,0,0,52.1,67,25,29,17,2,1,3,0,1,1,4.30,1.61
Jason Motte,STL,41,56,0,0,0,52.1,41,13,54,18,5,4,2,2,1,12,2.24,1.13
Sergio Santos,CWS,40,56,0,0,0,51.2,53,17,56,26,2,2,2,1,2,14,2.96,1.53
Jeremy Affeldt,SF,44,53,0,0,0,50.0,56,23,44,24,4,4,3,4,3,7,4.14,1.60
David Aardsma,SEA,41,53,0,0,0,49.2,33,19,49,25,5,0,6,31,5,0,3.44,1.17
Blake Wood,KC,38,51,0,0,0,49.2,54,28,31,22,6,1,3,0,4,15,5.07,1.53
Alfredo Simon,BAL,42,49,0,0,0,49.1,54,27,37,22,10,4,2,17,4,1,4.93,1.54
Andrew Bailey,OAK,39,47,0,0,0,49.0,34,8,42,13,3,1,3,25,3,0,1.47,0.96
Joel Peralta,WAS,47,39,0,0,0,49.0,30,11,49,9,5,1,0,0,2,9,2.02,0.80
James Russell,CHC,37,57,0,0,0,49.0,55,27,42,11,11,1,1,0,2,6,4.96,1.35
Jerry Blevins,OAK,40,63,0,0,0,48.2,54,20,46,18,7,2,1,1,1,11,3.70,1.48
Hector Ambriz,CLE,39,34,0,0,0,48.1,68,30,37,17,10,0,2,0,0,0,5.59,1.76
Dan Wheeler,TB,45,64,0,0,0,48.1,36,18,46,16,7,2,4,3,3,9,3.35,1.08
J.D. Martin,WAS,40,9,9,0,0,48.0,56,22,31,11,9,1,5,0,0,0,4.13,1.40
Chad Gaudin,NYY,40,30,0,0,0,48.0,46,24,33,20,11,1,2,0,1,0,4.50,1.38
Jose Veras,FLA,42,48,0,0,0,48.0,32,20,54,29,5,3,3,0,2,19,3.75,1.27
Sam LeCure,CIN,39,15,6,0,0,48.0,50,24,37,25,6,2,5,0,0,0,4.50,1.56
Danys Baez,PHI,46,51,0,0,0,47.2,55,29,28,23,6,3,4,0,2,6,5.48,1.64
Alex Burnett,MIN,36,41,0,0,0,47.2,52,28,37,23,6,2,2,0,0,2,5.29,1.57
Francisco Rodriguez,LAA,40,43,0,0,0,47.1,46,23,36,26,5,1,3,0,1,2,4.37,1.52
Trevor Hoffman,MIL,55,50,0,0,0,47.1,49,31,30,19,8,2,7,10,5,2,5.89,1.44
Huston Street,COL,40,44,0,0,0,47.1,39,19,45,11,5,4,4,20,5,0,3.61,1.06
Jeff Fulchino,HOU,43,50,0,0,0,47.1,53,29,46,22,7,2,1,0,1,5,5.51,1.58
Elmer Dessens,NYM,52,53,0,0,0,47.0,41,12,16,16,4,4,2,0,1,11,2.30,1.21
Jesse Litsch,TOR,38,9,9,0,0,46.2,53,30,16,15,7,1,5,0,0,0,5.79,1.46
Ian Snell,SEA,41,12,8,0,0,46.1,60,33,26,25,10,0,5,0,0,0,6.41,1.83
Oliver Perez,NYM,42,17,7,0,0,46.1,54,35,37,42,9,0,5,0,0,0,6.80,2.07
Scot Shields,LAA,48,43,1,0,0,46.0,45,27,39,34,6,0,3,0,1,1,5.28,1.72
Hideki Okajima,BOS,47,56,0,0,0,46.0,59,23,33,20,6,4,4,0,4,11,4.50,1.72
Matt Capps,WAS,40,47,0,0,0,46.0,51,14,38,9,5,3,3,26,4,0,2.74,1.30
Brad Lidge,PHI,46,50,0,0,0,45.2,32,15,52,24,5,1,1,27,5,0,2.96,1.23
Joe Beimel,COL,46,71,0,0,0,45.0,46,17,21,15,5,1,2,0,1,20,3.40,1.36
Randy Choate,TB,48,85,0,0,0,44.2,41,21,40,17,3,4,3,0,2,18,4.23,1.30
Kyle Farnsworth,KC,47,37,0,0,0,44.2,40,12,36,12,2,3,0,0,2,7,2.42,1.16
Dana Eveland,TOR,39,9,9,0,0,44.2,57,32,21,27,4,3,4,0,0,0,6.45,1.88
Carlos Carrasco,CLE,36,7,7,1,0,44.2,47,19,38,14,6,2,2,0,0,0,3.83,1.37
Frank Herrmann,CLE,39,40,0,0,0,44.2,48,20,24,9,6,0,1,1,1,7,4.03,1.28
Jeff Weaver,LAD,47,43,0,0,0,44.1,48,30,26,20,5,5,1,0,1,5,6.09,1.53
Manny Delcarmen,BOS,41,48,0,0,0,44.0,33,23,32,28,7,3,2,0,2,8,4.70,1.39
Eric O'Flaherty,ATL,38,56,0,0,0,44.0,37,12,36,18,2,3,2,0,1,9,2.45,1.25
Koji Uehara,BAL,48,43,0,0,0,44.0,37,14,55,5,5,1,2,13,2,6,2.86,0.95
Dontrelle Willis,DET,41,9,8,0,0,43.1,48,24,33,29,3,1,2,0,0,0,4.98,1.78
Bryan Bullington,KC,42,13,5,0,0,42.2,51,29,29,17,6,1,4,0,0,0,6.12,1.59
Kanekoa Texeira,KC,37,27,0,0,0,42.2,51,22,19,15,3,1,0,0,0,1,4.64,1.55
Ramon Ramirez,BOS,42,44,0,0,0,42.1,39,21,31,16,6,0,3,2,0,2,4.46,1.30
Fernando Nieve,NYM,41,40,1,0,0,42.0,37,28,38,22,10,2,4,0,2,6,6.00,1.40
Ivan Nova,NYY,36,10,7,0,0,42.0,44,21,26,17,4,1,2,0,1,0,4.50,1.45
Jordan Smith,CIN,37,37,0,0,0,42.0,45,18,26,11,7,3,2,1,1,2,3.86,1.33
Alexi Ogando,TEX,39,44,0,0,0,41.2,31,6,39,16,2,4,1,0,2,7,1.30,1.13
Doug Slaten,WAS,43,49,0,0,0,40.2,34,14,36,19,2,4,1,0,0,4,3.10,1.30
Mike Minor,ATL,35,9,8,0,0,40.2,53,27,43,11,6,3,2,0,0,0,5.98,1.57
Joe Smith,CLE,39,53,0,0,0,40.0,30,17,32,24,4,2,2,0,1,17,3.83,1.35
Boone Logan,NYY,39,51,0,0,0,40.0,34,13,38,20,3,2,0,0,0,13,2.93,1.35
Justin Berg,CHC,39,41,0,0,0,40.0,45,23,14,20,3,0,1,0,0,5,5.18,1.63
Octavio Dotel,PIT,49,41,0,0,0,40.0,35,19,48,17,5,2,2,21,5,0,4.28,1.30
Michael Wuertz,OAK,44,48,0,0,0,39.2,35,19,40,21,6,2,3,6,0,11,4.31,1.41
John Maine,NYM,42,9,9,0,0,39.2,47,27,39,25,8,1,3,0,0,0,6.13,1.82
Manny Acosta,NYM,42,41,0,0,0,39.2,30,13,42,18,4,3,2,1,2,2,2.95,1.21
Tyson Ross,OAK,36,26,2,0,0,39.1,39,24,32,20,4,1,4,1,1,2,5.49,1.50
Jenrry Mejia,NYM,33,33,3,0,0,39.0,46,20,22,20,3,0,4,0,1,2,4.62,1.69
Greg Smith,COL,39,8,8,0,0,39.0,49,27,31,24,8,1,2,0,0,0,6.23,1.87
Javier Lopez,PIT,46,50,0,0,0,38.2,39,12,22,18,2,2,2,0,0,6,2.79,1.47
Tim Byrdak,HOU,49,64,0,0,0,38.2,40,15,29,20,4,2,2,0,0,11,3.49,1.55
Doug Davis,MIL,48,8,8,0,0,38.1,55,32,34,21,6,1,4,0,0,0,7.51,1.98
Brian Fuentes,LAA,48,39,0,0,0,38.1,28,15,39,18,5,4,1,23,4,0,3.52,1.20
Gustavo Chacin,HOU,42,44,0,0,0,38.1,51,20,31,20,3,2,2,1,0,5,4.70,1.85
Joel Zumaya,DET,38,31,0,0,0,38.1,32,11,34,11,1,2,1,1,2,11,2.58,1.12
Chad Qualls,ARI,45,43,0,0,0,38.0,61,35,34,15,5,1,4,12,4,3,8.29,2.00
Dennys Reyes,STL,46,59,0,0,0,38.0,34,15,25,21,2,3,1,1,3,6,3.55,1.45
Garrett Olson,SEA,39,35,0,0,0,37.2,42,19,31,15,6,0,3,1,0,1,4.54,1.51
Pat Misch,NYM,42,12,6,0,0,37.2,43,16,23,4,4,0,4,0,0,0,3.82,1.25
Sam Demel,ARI,37,37,0,0,0,37.0,42,22,33,12,5,2,1,2,0,4,5.35,1.46
Jamey Wright,SEA,48,28,0,0,0,37.0,30,14,19,16,2,0,1,0,1,8,3.41,1.24
Brian Sweeney,SEA,49,24,0,0,0,37.0,33,13,14,6,5,1,2,0,1,1,3.16,1.05
Jorge Sosa,FLA,45,22,2,0,0,36.2,39,19,19,18,4,2,3,0,0,0,4.66,1.55
J.C. Romero,PHI,47,60,0,0,0,36.2,30,15,28,29,3,1,0,3,3,9,3.68,1.61
Jesse Chavez,ATL,40,28,0,0,0,36.2,40,24,29,12,6,3,2,0,0,0,5.89,1.42
George Sherrill,LAD,46,65,0,0,0,36.1,46,27,25,24,4,2,2,0,4,7,6.69,1.93
Jensen Lewis,CLE,39,37,0,0,0,36.1,28,12,29,19,1,4,2,0,0,1,2.97,1.29
Jeremy Hellickson,TB,36,10,4,0,0,36.1,32,14,33,8,5,4,0,0,1,0,3.47,1.10
Trever Miller,STL,50,57,0,0,0,36.0,30,16,22,16,2,0,1,0,1,11,4.00,1.28
Chan Ho Park,NYY,50,27,0,0,0,35.1,40,22,29,12,7,2,1,0,2,0,5.60,1.47
Justin Germano,CLE,41,23,1,0,0,35.1,27,13,29,8,6,0,3,0,1,2,3.31,0.99
Tyler Walker,WAS,47,24,0,0,0,35.1,35,14,30,8,5,1,0,0,1,1,3.57,1.22
Bobby Parnell,NYM,39,41,0,0,0,35.0,41,11,33,8,1,0,1,0,2,9,2.83,1.40
Joe Thatcher,SD,42,65,0,0,0,35.0,23,5,45,7,1,1,0,0,0,11,1.29,0.86
Sean Gallagher,PIT,37,31,0,0,0,34.1,38,23,22,22,2,2,1,0,0,3,6.03,1.75
Sean White,SEA,42,38,0,0,0,34.1,45,20,15,11,4,0,1,0,3,5,5.24,1.63
David Purcey,TOR,41,33,0,0,0,34.0,26,14,32,15,3,1,1,1,0,3,3.71,1.21
Ron Mahay,MIN,52,41,0,0,0,34.0,33,13,25,8,5,1,1,0,1,2,3.44,1.21
Denny Bautista,SF,43,31,0,0,0,33.2,25,14,44,27,4,2,0,0,1,0,3.74,1.54
Zach Braddock,MIL,36,46,0,0,0,33.2,29,11,41,19,1,1,2,0,2,15,2.94,1.43
Matt Palmer,LAA,44,14,1,0,0,33.2,38,17,17,20,1,1,2,0,0,1,4.54,1.72
Micah Owings,CIN,40,22,0,0,0,33.1,28,20,35,25,3,3,2,0,0,0,5.40,1.59
Wesley Wright,HOU,38,14,4,0,0,33.0,37,21,29,13,6,1,2,0,0,0,5.73,1.52
Dillon Gee,NYM,37,5,5,0,0,33.0,25,8,17,15,2,2,2,0,0,0,2.18,1.21
Dan Runzler,SF,38,41,0,0,0,32.2,29,11,37,20,1,3,0,0,0,5,3.03,1.50
Jose Mijares,MIN,38,47,0,0,0,32.2,34,12,28,9,4,1,1,0,0,9,3.31,1.32
Andrew Miller,FLA,38,9,7,0,0,32.2,51,31,28,26,6,1,5,0,0,0,8.54,2.36
Chris Ray,TEX,41,35,0,0,0,31.2,24,12,16,16,4,2,0,1,2,7,3.41,1.26
Ernesto Frieri,SD,38,33,0,0,0,31.2,18,6,41,17,2,1,1,0,0,7,1.71,1.11
Jordan Zimmermann,WAS,37,7,7,0,0,31.0,31,17,27,10,8,1,2,0,0,0,4.94,1.32
Jeff Suppan,MIL,48,15,2,0,0,31.0,50,27,18,12,4,0,2,0,0,0,7.84,2.00
Brendan Donnelly,PIT,52,38,0,0,0,30.2,26,19,26,25,6,3,1,0,0,9,5.58,1.66
Fernando Salas,STL,38,27,0,0,0,30.2,28,12,29,15,4,0,0,0,1,1,3.52,1.40
Ryota Igarashi,NYM,44,34,0,0,0,30.1,29,24,25,18,4,1,1,0,0,2,7.12,1.55
Chris Sampson,HOU,45,35,0,0,0,30.1,43,20,16,8,7,1,0,0,2,5,5.93,1.68
Charlie Haeger,LAD,40,9,6,0,0,30.0,36,28,30,26,4,0,4,0,0,0,8.40,2.07
Ramon Ortiz,LAD,50,16,2,0,0,30.0,33,21,21,16,5,1,2,0,0,1,6.30,1.63
Will Ohman,BAL,46,51,0,0,0,30.0,30,11,29,18,3,0,0,0,1,15,3.30,1.60
P.J. Walters,STL,38,7,3,0,0,30.0,32,20,22,10,5,2,0,0,0,0,6.00,1.40
Ross Detwiler,WAS,37,8,5,0,0,29.2,34,14,17,14,5,1,3,0,0,0,4.25,1.62
Robbie Weinhardt,DET,37,28,0,0,0,29.1,40,20,21,8,2,2,2,0,2,5,6.14,1.64
Jeff Manship,MIN,38,13,1,0,0,29.0,34,17,21,6,3,2,1,0,0,0,5.28,1.38
Thomas Diamond,CHC,40,16,3,0,0,29.0,33,22,36,18,5,1,3,0,0,0,6.83,1.76
Franklin Morales,COL,37,35,0,0,0,28.2,28,20,27,24,5,0,4,3,3,1,6.28,1.81
Bill Bray,CIN,40,35,0,0,0,28.1,21,13,30,10,4,0,2,0,0,2,4.13,1.09
Chan Ho Park,PIT,50,26,0,0,0,28.1,25,11,23,7,2,2,2,0,1,1,3.49,1.13
Justin Duchscherer,OAK,45,5,5,0,0,28.0,26,9,18,12,3,2,1,0,0,0,2.89,1.36
Henry Rodriguez,OAK,36,29,0,0,0,27.2,25,14,33,13,2,1,0,0,1,3,4.55,1.37
Tim Wood,FLA,40,26,0,0,0,27.2,33,17,10,15,2,0,1,1,2,3,5.53,1.73
Victor Marte,KC,42,22,0,0,0,27.2,38,30,19,15,8,3,0,0,0,1,9.76,1.92
Randy Flores,COL,48,47,0,0,0,27.1,22,9,18,13,4,2,0,0,1,4,2.96,1.28
Ramon Ramirez,SF,42,25,0,0,0,27.0,13,2,15,11,1,1,0,1,0,4,0.67,0.89
Matt Capps,MIN,40,27,0,0,0,27.0,24,6,21,8,1,2,0,16,2,0,2.00,1.19
Kenley Jansen,LAD,35,25,0,0,0,27.0,12,2,41,15,0,1,0,4,0,4,0.67,1.00
Jim Johnson,BAL,40,26,0,0,0,26.1,32,10,22,5,2,1,1,1,5,11,3.42,1.41
Anthony Lerew,KC,40,6,6,0,0,26.1,34,25,18,9,9,1,4,0,0,0,8.54,1.63
Kerry Wood,NYY,46,24,0,0,0,26.0,14,2,31,18,1,2,0,0,1,10,0.69,1.23
Nelson Figueroa,PHI,49,13,1,0,0,26.0,20,10,15,9,1,2,1,1,0,0,3.46,1.12
Enrique Gonzalez,DET,41,18,0,0,0,26.0,21,11,13,17,4,0,1,0,0,0,3.81,1.46
Yunesky Maya,WAS,42,5,5,0,0,26.0,30,17,12,11,3,0,3,0,0,0,5.88,1.58
Jesse Chavez,KC,40,23,0,0,0,26.0,29,17,16,11,5,2,3,0,1,6,5.88,1.54
Cristhian Martinez,ATL,41,18,0,0,0,26.0,28,14,22,6,3,0,0,0,0,0,4.85,1.31
John Grabow,CHC,44,28,0,0,0,25.2,35,21,20,13,5,1,3,0,1,7,7.36,1.87
Randy Williams,CWS,48,27,0,0,0,25.0,37,15,22,21,2,0,1,0,1,1,5.40,2.32
Shawn Kelley,SEA,39,22,0,0,0,25.0,26,11,26,12,5,3,1,0,0,3,3.96,1.52
Felix Doubront,BOS,35,12,3,0,0,25.0,27,12,23,10,3,2,2,2,1,1,4.32,1.48
Adalberto Mendez,FLA,41,5,5,0,0,24.2,28,14,11,12,7,1,3,0,0,0,5.11,1.62
Mike Gonzalez,BAL,45,29,0,0,0,24.2,18,11,31,14,1,1,3,1,2,10,4.01,1.30
Justin Miller,LAD,46,19,0,0,0,24.1,22,12,30,8,4,0,0,0,0,1,4.44,1.23
Chris Ray,SF,41,28,0,0,0,24.0,24,11,15,9,1,3,0,1,0,2,4.13,1.38
Jason Bulger,LAA,44,25,0,0,0,24.0,25,13,25,15,3,0,0,0,0,2,4.88,1.67
Lucas Harrell,CWS,38,8,3,0,0,24.0,34,13,15,17,2,1,0,0,0,0,4.88,2.13
Bobby Cramer,OAK,43,4,4,0,0,23.2,20,8,13,6,5,2,1,0,0,0,3.04,1.10
Chris Sale,CWS,34,21,0,0,0,23.1,15,5,32,10,2,2,1,4,0,2,1.93,1.07
Matt Daley,COL,41,28,0,0,0,23.1,27,11,18,10,2,0,1,0,0,6,4.24,1.59
Sean Gallagher,SD,37,15,0,0,0,23.1,24,14,21,19,5,0,0,0,0,0,5.40,1.84
David Riske,MIL,46,23,0,0,0,23.1,25,13,16,8,2,0,0,0,0,0,5.01,1.41
Boof Bonser,OAK,41,13,0,0,0,23.0,27,13,17,6,2,1,0,0,0,3,5.09,1.43
Daniel Herrera,CIN,38,36,0,0,0,23.0,31,10,14,6,2,1,3,0,1,9,3.91,1.61
Fu-Te Ni,DET,40,22,0,0,0,23.0,27,17,22,19,2,0,1,0,0,1,6.65,2.00
Travis Schlichting,LAD,38,14,0,0,0,22.2,20,9,14,10,0,1,0,0,0,0,3.57,1.32
D.J. Carrasco,ARI,46,18,0,0,0,22.2,18,8,20,12,1,1,0,0,1,2,3.18,1.32
Dontrelle Willis,ARI,41,6,5,0,0,22.1,24,17,14,27,3,1,1,0,0,0,6.85,2.28
Chris Seddon,SEA,39,14,0,0,0,22.1,21,14,16,10,4,1,0,0,0,0,5.64,1.39
Brad Mills,TOR,38,7,3,0,0,22.1,20,14,18,13,2,1,0,0,0,1,5.64,1.48
Adam Ottavino,STL,37,5,3,0,0,22.1,37,21,12,9,5,0,2,0,0,0,8.46,2.06
Carlos Fisher,CIN,40,18,0,0,0,22.1,22,14,21,13,1,1,1,0,0,0,5.64,1.57
Doug Mathis,TEX,40,13,0,0,0,22.1,30,15,10,11,7,1,1,0,0,0,6.04,1.84
Andy Oliver,DET,35,5,5,0,0,22.0,26,18,18,13,3,0,4,0,0,0,7.36,1.77
Marcos Mateo,CHC,39,21,0,0,0,21.2,20,14,26,9,6,0,1,0,0,1,5.82,1.34
Phil Humber,KC,40,8,1,0,0,21.2,22,10,16,7,1,2,1,0,0,1,4.15,1.34
Glen Perkins,MIN,40,13,1,0,0,21.2,29,14,14,5,3,1,1,0,0,0,5.82,1.57
Jamey Wright,CLE,48,18,0,0,0,21.1,25,13,9,9,1,1,2,0,0,1,5.48,1.59
Michael Kohn,LAA,37,24,0,0,0,21.1,17,5,20,16,0,2,0,1,0,1,2.11,1.55
Mike McClendon,MIL,38,17,0,0,0,21.0,15,7,21,7,2,2,0,0,1,3,3.00,1.05
Chad Qualls,TB,45,27,0,0,0,21.0,24,13,15,6,2,2,0,0,3,8,5.57,1.43
Collin Balester,WAS,37,17,0,0,0,21.0,15,6,28,11,2,0,1,0,0,0,2.57,1.24
Matt Maloney,CIN,39,7,2,0,0,20.2,20,7,13,5,2,2,2,0,0,0,3.05,1.21
Shawn Hill,TOR,42,4,4,0,0,20.2,24,6,14,4,1,1,2,0,0,0,2.61,1.35
Bobby Howry,CHC,50,24,0,0,0,20.2,29,13,8,7,2,0,3,0,0,2,5.66,1.74
Craig Kimbrel,ATL,35,21,0,0,0,20.2,9,1,40,16,0,4,0,1,0,2,0.44,1.21
Bobby Cassevah,LAA,38,16,0,0,0,20.0,23,7,8,8,0,1,2,0,0,0,3.15,1.55
Jordan Norberto,ARI,36,33,0,0,0,20.0,16,13,15,22,3,0,2,0,1,3,5.85,1.90
Kyle Farnsworth,ATL,47,23,0,0,0,20.0,15,12,25,7,2,0,2,0,1,2,5.40,1.10
Kerry Wood,CLE,46,23,0,0,0,20.0,21,14,18,11,3,1,4,8,3,1,6.30,1.60
Carlos Rosa,ARI,39,22,0,0,0,20.0,20,10,9,12,1,0,2,0,1,1,4.50,1.60
Chris Young,SD,44,4,4,0,0,20.0,10,2,15,11,1,2,0,0,0,0,0.90,1.05
Cesar Valdez,ARI,38,9,2,0,0,20.0,29,17,13,10,2,1,2,0,0,0,7.65,1.95
Brad Thompson,KC,41,16,0,0,0,19.2,25,14,10,4,4,0,4,0,1,1,6.41,1.47
Wil Ledezma,PIT,42,27,0,0,0,19.2,25,15,22,6,2,0,3,0,0,3,6.86,1.58
Claudio Vargas,MIL,44,17,0,0,0,19.2,28,16,18,10,3,1,0,0,0,0,7.32,1.93
Rich Thompson,LAA,39,13,0,0,0,19.2,12,3,15,4,2,2,0,0,0,1,1.37,0.81
Mike Lincoln,CIN,48,19,0,0,0,19.2,25,16,12,10,1,1,0,0,0,3,7.32,1.78
Jack Taschner,PIT,45,17,0,0,0,19.1,22,13,17,8,3,1,0,0,0,2,6.05,1.55
Jeff Samardzija,CHC,38,7,3,0,0,19.1,21,18,9,20,4,2,2,0,0,0,8.38,2.12
Josh Roenicke,TOR,41,16,0,0,0,19.0,18,12,18,13,1,1,0,0,0,2,5.68,1.63
Mike Dunn,ATL,38,25,0,0,0,19.0,15,4,27,17,1,2,0,0,0,1,1.89,1.68
Chris Resop,PIT,40,22,0,0,0,19.0,10,4,24,10,1,0,0,0,0,5,1.89,1.05
Javier Lopez,SF,46,27,0,0,0,19.0,11,3,16,2,0,2,0,0,0,5,1.42,0.68
Fernando Abad,HOU,37,22,0,0,0,19.0,14,6,12,5,3,0,1,0,0,6,2.84,1.00
Kanekoa Texeira,SEA,37,16,0,0,0,18.2,22,11,14,10,0,0,1,0,0,1,5.30,1.71
Dan Schlereth,DET,37,18,0,0,0,18.2,20,6,19,10,2,2,0,1,1,1,2.89,1.61
Greg Holland,KC,37,15,0,0,0,18.2,23,14,23,8,3,0,1,0,0,0,6.75,1.66
Rommie Lewis,TOR,41,14,0,0,0,18.2,20,14,15,8,4,0,0,0,0,0,6.75,1.50
Octavio Dotel,LAD,49,19,0,0,0,18.2,11,7,21,11,3,1,1,1,1,3,3.38,1.18
Mike MacDougal,STL,46,17,0,0,0,18.2,23,15,14,12,1,1,1,0,1,0,7.23,1.87
Antonio Bastardo,PHI,38,25,0,0,0,18.2,19,9,26,9,1,2,0,0,1,2,4.34,1.50
Chris Leroux,FLA,39,17,0,0,0,18.0,24,14,18,11,1,0,0,0,1,3,7.00,1.94
Matt Reynolds,COL,38,21,0,0,0,18.0,10,4,17,5,2,1,0,0,0,2,2.00,0.83
Cory Luebke,SD,38,4,3,0,0,17.2,17,8,18,6,3,1,1,0,0,0,4.08,1.30
Jeff Stevens,CHC,40,18,0,0,0,17.2,21,12,15,10,4,0,0,0,1,1,6.11,1.75
Damaso Marte,NYY,48,30,0,0,0,17.2,10,8,12,11,2,0,0,0,2,9,4.08,1.19
Brian Bruney,WAS,41,19,0,0,0,17.2,21,15,16,20,1,1,2,0,0,3,7.64,2.32
Chad Gaudin,OAK,40,12,0,0,0,17.1,27,17,20,5,5,0,2,0,0,1,8.83,1.85
Frank Mata,BAL,39,15,0,0,0,17.1,24,15,9,8,2,0,0,0,0,1,7.79,1.85
Mark Melancon,HOU,38,20,0,0,0,17.1,12,6,19,8,1,2,0,0,1,8,3.12,1.15
Kyle Drabek,TOR,35,3,3,0,0,17.0,18,9,12,5,2,0,3,0,0,0,4.76,1.35
Jesus Colome,SEA,45,12,0,0,0,17.0,15,10,16,11,1,0,1,0,0,0,5.29,1.53
Renyel Pinto,FLA,41,20,0,0,0,16.2,16,5,16,9,1,0,0,0,0,4,2.70,1.50
Brian Stokes,LAA,44,16,0,0,0,16.2,26,15,16,16,4,0,0,0,0,0,8.10,2.52
Rick van den Hurk,BAL,38,7,1,0,0,16.1,13,9,17,7,2,0,1,0,0,0,4.96,1.22
Michael Ekstrom,TB,40,15,0,0,0,16.1,12,6,10,9,0,0,1,0,0,0,3.31,1.29
Leo Rosales,ARI,42,16,0,0,0,16.1,25,13,12,9,2,2,0,0,0,2,7.16,2.08
Michael Kirkman,TEX,37,14,0,0,0,16.1,9,3,16,10,0,0,0,0,1,2,1.65,1.16
LaTroy Hawkins,MIL,50,18,0,0,0,16.0,21,15,18,6,2,0,3,0,2,6,8.44,1.69
Adam Russell,SD,40,12,0,0,0,15.2,14,7,18,5,0,0,0,0,0,0,4.02,1.21
Daniel Hudson,CWS,36,3,3,0,0,15.2,17,11,14,11,1,1,1,0,0,0,6.32,1.79
Jordan Walden,LAA,35,16,0,0,0,15.1,13,4,23,7,1,0,1,1,0,6,2.35,1.30
J.A. Happ,PHI,40,3,3,0,0,15.1,13,3,9,12,1,1,0,0,0,0,1.76,1.63
Michael Bowden,BOS,37,14,0,0,0,15.1,20,8,13,4,2,0,1,0,0,0,4.70,1.57
Cla Meredith,BAL,40,21,0,0,0,15.0,18,9,7,4,4,0,2,1,1,3,5.40,1.47
Brandon Medders,SF,43,14,0,0,0,15.0,26,12,8,6,3,0,0,0,0,0,7.20,2.13
Brandon Beachy,ATL,37,3,3,0,0,15.0,16,5,15,7,0,0,2,0,0,0,3.00,1.53
Alfredo Figaro,DET,39,8,1,0,0,14.2,18,11,5,8,1,0,2,0,0,0,6.75,1.77
Bobby Howry,ARI,50,14,0,0,0,14.1,18,17,6,6,6,1,0,0,1,1,10.67,1.67
Kris Benson,ARI,48,3,3,0,0,14.0,18,8,8,6,2,1,1,0,0,0,5.14,1.71
Cedrick Bowers,OAK,45,14,0,0,0,14.0,12,7,18,6,4,0,1,0,0,0,4.50,1.29
Scott Schoeneweis,BOS,49,15,0,0,0,13.2,19,12,13,10,2,1,0,0,0,1,7.90,2.12
Jesse Carlson,TOR,42,20,0,0,0,13.2,13,7,8,5,3,0,0,1,0,2,4.61,1.32
Carlos Torres,CWS,40,5,1,0,0,13.2,23,13,13,9,2,0,1,0,0,0,8.56,2.34
Aroldis Chapman,CIN,36,15,0,0,0,13.1,9,3,19,5,0,2,2,0,1,4,2.03,1.05
Vance Worley,PHI,35,5,2,0,0,13.0,8,2,12,4,1,1,1,0,0,0,1.38,0.92
Scott Maine,CHC,38,13,0,0,0,13.0,9,3,11,5,1,0,0,0,0,2,2.08,1.08
Billy Buckner,ARI,40,3,3,0,0,13.0,26,16,11,5,4,0,3,0,0,0,11.08,2.38
Sean O'Sullivan,LAA,36,5,1,0,0,13.0,7,3,6,4,1,1,0,0,0,0,2.08,0.85
Justin Thomas,PIT,39,12,0,0,0,13.0,21,9,5,5,3,0,1,0,0,0,6.23,2.00
Dustin Richardson,BOS,39,26,0,0,0,13.0,15,6,12,14,2,0,0,0,0,2,4.15,2.23
Robert Manuel,BOS,40,10,0,0,0,12.2,10,6,5,7,5,1,0,0,0,0,4.26,1.34
Ross Wolf,OAK,40,11,0,0,0,12.2,12,6,9,6,1,0,0,0,0,0,4.26,1.42
Erick Threets,CWS,41,11,0,0,0,12.1,9,0,6,3,0,0,0,0,0,0,0.00,0.97
Will Ohman,FLA,46,17,0,0,0,12.0,10,4,14,5,1,0,2,0,0,3,3.00,1.25
Taylor Tankersley,FLA,40,27,0,0,0,12.0,12,10,7,7,4,0,0,0,3,6,7.50,1.58
Alfredo Aceves,NYY,40,10,0,0,0,12.0,10,4,2,4,1,3,0,1,0,1,3.00,1.17
Jonathan Albaladejo,NYY,40,10,0,0,0,11.1,9,5,8,8,1,0,0,0,0,0,3.97,1.50
Marco Estrada,MIL,40,7,1,0,0,11.1,14,12,13,6,3,0,0,0,0,0,9.53,1.76
Steven Jackson,PIT,41,11,0,0,0,11.1,17,11,7,6,4,0,1,0,0,0,8.74,2.03
Joe Martinez,SF,40,4,1,0,0,11.0,15,6,3,6,1,0,1,0,0,0,4.91,1.91
Edwar Ramirez,OAK,42,7,0,0,0,11.0,9,6,10,10,1,1,0,0,0,0,4.91,1.73
Jay Buente,FLA,39,8,0,0,0,11.0,16,8,9,11,0,0,0,0,0,0,6.55,2.45
Alberto Castillo,BAL,48,14,0,0,0,10.2,16,12,11,6,5,1,0,0,0,1,10.13,2.06
Pedro Strop,TEX,38,15,0,0,0,10.2,17,12,11,11,2,0,0,0,0,1,10.13,2.62
Mark Lowe,SEA,40,11,0,0,0,10.1,11,4,7,5,1,1,3,0,0,4,3.48,1.55
Casey Daigle,HOU,42,13,0,0,0,10.1,25,13,6,6,3,1,1,0,0,3,11.32,3.00
Taylor Buchholz,COL,41,7,0,0,0,10.0,10,5,9,6,2,1,0,0,0,0,4.50,1.60
Mark Rogers,MIL,37,4,2,0,0,10.0,2,2,11,3,0,0,0,0,0,0,1.80,0.50
Mitch Atkins,CHC,37,5,0,0,0,10.0,12,7,10,6,2,0,0,0,0,0,6.30,1.80
Jeremy Jeffress,MIL,36,10,0,0,0,10.0,8,3,8,6,0,1,0,0,0,0,2.70,1.40
Josh Rupe,KC,41,11,0,0,0,9.2,14,6,8,7,1,1,1,0,0,5,5.59,2.17
Chad Cordero,SEA,41,9,0,0,0,9.2,10,7,6,5,1,0,1,0,0,0,6.52,1.55
Dana Eveland,PIT,39,3,1,0,0,9.2,15,9,3,5,0,0,1,0,0,0,8.38,2.07
Brian Fuentes,MIN,48,9,0,0,0,9.2,3,0,8,2,0,0,0,1,0,3,0.00,0.52
Dan Meyer,FLA,42,13,0,0,0,9.1,15,10,4,12,1,0,1,0,1,1,9.64,2.89
Sean West,FLA,37,2,2,0,0,9.1,15,8,8,4,2,0,2,0,0,0,7.71,2.04
Sean Green,NYM,44,11,0,0,0,9.1,7,4,12,8,1,0,0,0,0,2,3.86,1.61
Jeff Gray,CHC,41,7,0,0,0,9.1,12,7,4,5,1,1,0,0,0,0,6.75,1.82
Clay Rapada,TEX,42,13,0,0,0,9.0,6,4,5,7,2,0,0,0,1,3,4.00,1.44
Pat Neshek,MIN,43,11,0,0,0,9.0,7,5,9,8,1,0,1,0,1,1,5.00,1.67
Joe Martinez,PIT,40,5,0,0,0,8.2,11,3,6,3,0,0,0,0,0,0,3.12,1.62
Jon Link,LAD,39,9,0,0,0,8.2,12,4,4,4,0,0,0,0,0,0,4.15,1.85
Jose Ceda,FLA,36,8,0,0,0,8.2,8,5,9,11,1,0,0,0,0,0,5.19,2.19
Enerio Del Rosario,CIN,37,9,0,0,0,8.2,13,2,3,4,0,1,1,0,2,0,2.08,1.96
Brad Kilby,OAK,40,5,0,0,0,8.1,7,2,8,0,2,0,0,0,0,0,2.16,0.84
Cesar Ramos,SD,39,14,0,0,0,8.1,18,11,9,4,1,0,1,0,0,2,11.88,2.64
Manny Delcarmen,COL,41,9,0,0,0,8.1,12,6,6,4,1,0,2,0,1,0,6.48,1.92
Joe Nelson,BOS,48,8,0,0,0,8.1,14,9,9,6,2,0,0,0,0,0,9.72,2.40
Brian Schlitter,CHC,37,7,0,0,0,8.0,18,11,7,5,2,0,1,0,0,0,12.38,2.88
James McDonald,LAD,38,4,1,0,0,7.2,11,7,7,5,1,0,1,0,0,1,8.22,2.09
Brian Bass,PIT,41,4,0,0,0,7.1,9,10,5,10,0,0,0,0,0,0,12.27,2.59
Brandon Kintzler,MIL,39,7,0,0,0,7.1,10,6,9,4,2,0,1,0,0,0,7.36,1.91
Jesse English,WAS,39,7,0,0,0,7.0,10,3,4,2,0,0,0,0,0,0,3.86,1.71
Russ Ortiz,LAD,49,6,0,0,0,7.0,10,8,6,5,0,0,1,0,0,0,10.29,2.14
Omar Beltre,TEX,42,2,2,0,0,7.0,9,7,9,7,3,0,1,0,0,0,9.00,2.29
Mike Zagurski,PHI,40,8,0,0,0,7.0,8,8,11,5,1,0,0,0,0,0,10.29,1.86
Zach Kroenke,ARI,39,3,1,0,0,6.2,9,5,2,4,2,1,0,0,0,0,6.75,1.95
Jeremy Accardo,TOR,41,5,0,0,0,6.2,12,6,3,3,0,0,1,0,0,0,8.10,2.25
Jess Todd,CLE,37,5,0,0,0,6.0,9,5,9,3,0,0,0,0,0,0,7.50,2.00
Clayton Mortensen,OAK,38,1,1,0,0,6.0,6,3,7,2,1,0,0,0,0,0,4.50,1.33
John Parrish,KC,45,9,0,0,0,6.0,4,2,4,5,2,1,1,0,2,2,3.00,1.50
Edgmer Escalona,COL,36,5,0,0,0,6.0,4,1,2,4,0,0,0,0,0,0,1.50,1.33
Henry Villar,HOU,36,8,0,0,0,6.0,5,3,3,3,0,0,0,0,0,1,4.50,1.33
Robert Coello,BOS,38,6,0,0,0,5.2,4,3,5,5,0,0,0,0,0,0,4.76,1.59
Scott Proctor,ATL,46,6,0,0,0,5.2,4,4,6,4,1,0,0,0,0,0,6.35,1.41
Matt Fox,MIN,40,1,1,0,0,5.2,4,2,0,1,0,0,0,0,0,0,3.18,0.88
Daniel Cortes,SEA,36,4,0,0,0,5.1,3,2,6,3,0,0,1,0,1,0,3.38,1.13
Juan Cruz,KC,44,5,0,0,0,5.1,9,2,7,4,0,0,0,0,1,0,3.38,2.44
Octavio Dotel,COL,49,8,0,0,0,5.1,6,3,6,4,1,0,1,0,0,1,5.06,1.88
Matt Chico,WAS,40,1,1,0,0,5.0,6,2,3,0,0,0,0,0,0,0,3.60,1.20
Jake McGee,TB,37,8,0,0,0,5.0,2,1,6,3,0,0,0,0,0,0,1.80,1.00
Vinnie Pestano,CLE,38,5,0,0,0,5.0,4,2,8,5,0,0,0,1,0,0,3.60,1.80
Waldis Joaquin,SF,36,4,0,0,0,4.2,6,5,2,7,0,0,0,0,0,1,9.64,2.79
Chris Leroux,PIT,39,6,0,0,0,4.2,4,3,4,3,0,0,1,0,1,0,5.79,1.50
Gregory Infante,CWS,36,5,0,0,0,4.2,2,0,5,4,0,0,0,0,0,0,0.00,1.29
Joe Bisenius,WAS,41,5,0,0,0,4.2,6,5,5,6,1,0,0,0,0,0,9.64,2.57
Anthony Slama,MIN,39,5,0,0,0,4.2,6,4,5,5,1,0,1,0,1,0,7.71,2.36
Armando Gabino,BAL,40,5,0,0,0,4.2,9,7,2,3,3,0,0,0,0,0,13.50,2.57
Romulo Sanchez,NYY,39,2,0,0,0,4.1,1,0,5,3,0,0,0,0,0,0,0.00,0.92
Mike Hampton,ARI,51,10,0,0,0,4.1,3,0,3,1,0,0,0,0,0,1,0.00,0.92
Steve Cishek,FLA,37,3,0,0,0,4.1,1,0,3,1,0,0,0,0,0,0,0.00,0.46
Esmailin Caridad,CHC,39,8,0,0,0,4.0,4,5,4,5,1,0,1,0,2,1,11.25,2.25
Luis Mendoza,KC,39,4,0,0,0,4.0,10,10,1,3,4,0,1,0,1,0,22.50,3.25
Rich Hill,BOS,43,6,0,0,0,4.0,5,0,3,1,0,1,0,0,0,1,0.00,1.50
Mark Melancon,NYY,38,2,0,0,0,4.0,7,4,3,0,1,0,0,0,0,0,9.00,1.75
Anthony Varvaro,SEA,38,4,0,0,0,4.0,6,5,5,6,2,0,1,0,0,0,11.25,3.00
Dan Stange,ARI,37,4,0,0,0,4.0,4,6,2,6,1,0,0,0,0,0,13.50,2.50
Josh Banks,HOU,41,1,1,0,0,4.0,8,6,1,4,1,0,1,0,0,0,13.50,3.00
Justin James,OAK,42,5,0,0,0,4.0,7,2,5,4,0,0,0,0,1,0,4.50,2.75
Robert Ray,TOR,39,3,0,0,0,3.2,2,1,3,5,0,0,0,0,0,0,2.45,1.91
Kameron Mickolio,BAL,39,3,0,0,0,3.2,5,3,4,3,1,0,0,0,0,0,7.36,2.18
Sammy Gervacio,HOU,38,6,0,0,0,3.2,4,5,3,5,1,0,1,0,0,0,12.27,2.45
Mitch Stetter,MIL,42,9,0,0,0,3.2,7,6,3,3,1,0,0,0,0,3,14.73,2.73
Randy Flores,MIN,48,11,0,0,0,3.2,10,2,2,2,2,0,0,0,0,3,4.91,3.27
Saul Rivera,ARI,45,4,0,0,0,3.2,11,9,1,3,2,0,0,0,0,0,22.09,3.82
Jo-Jo Reyes,ATL,38,1,0,0,0,3.1,10,9,2,3,2,0,0,0,0,0,24.30,3.90
Jared Burton,CIN,42,4,0,0,0,3.1,0,0,1,0,0,0,0,0,0,1,0.00,0.00
Garrett Mock,WAS,40,1,1,0,0,3.1,4,2,3,5,2,0,0,0,0,0,5.40,2.70
Chris Smith,MIL,42,3,0,0,0,3.1,4,2,4,1,0,0,0,0,0,0,5.40,1.50
Mark Lowe,TEX,40,3,0,0,0,3.0,7,4,5,1,1,0,0,0,0,0,12.00,2.67
Drew Carpenter,PHI,38,1,0,0,0,3.0,5,3,2,0,1,0,1,0,0,0,9.00,1.67
Kevin Mulvey,ARI,38,2,0,0,0,3.0,5,2,1,2,2,0,0,0,0,0,6.00,2.33
Samuel Deduno,COL,40,4,0,0,0,2.2,3,1,3,1,1,0,0,0,0,1,3.38,1.50
Rafael Rodriguez,ARI,38,2,0,0,0,2.2,4,2,2,1,1,0,0,0,0,0,6.75,1.88
Casey Fien,DET,39,2,0,0,0,2.2,4,3,0,0,2,0,0,0,0,0,10.13,1.50
Jhan Marinez,FLA,35,4,0,0,0,2.2,3,2,3,3,1,1,1,0,2,0,6.75,2.25
Royce Ring,NYY,42,5,0,0,0,2.1,3,4,2,2,0,0,0,0,0,1,15.43,2.14
Tobi Stoner,NYM,38,1,0,0,0,2.1,3,1,0,1,0,0,1,0,0,0,3.86,1.71
Hayden Penn,PIT,38,3,0,0,0,2.1,8,8,0,3,0,0,0,0,0,0,30.86,4.71
Jason Bergmann,WAS,41,4,0,0,0,2.1,3,4,2,1,2,0,1,0,0,1,15.43,1.71
Chris Resop,ATL,40,1,0,0,0,2.0,5,5,2,3,0,0,0,0,0,0,22.50,4.00
Dale Thayer,TB,42,1,0,0,0,2.0,7,6,2,0,1,0,0,0,0,0,27.00,3.50
Brett Sinkbeil,FLA,38,3,0,0,0,2.0,2,3,1,5,0,0,0,0,0,0,13.50,3.50
Taylor Buchholz,TOR,41,2,0,0,0,2.0,0,0,0,0,0,0,0,0,0,0,0.00,0.00
Roman Colon,KC,44,5,0,0,0,2.0,5,4,1,2,0,0,0,0,0,0,18.00,3.50
Rafael Rodriguez,LAA,38,1,0,0,0,2.0,1,1,1,2,0,0,0,0,0,0,4.50,1.50
Boof Bonser,BOS,41,2,0,0,0,2.0,6,4,0,2,0,0,0,0,0,0,18.00,4.00
Gary Majewski,HOU,43,2,0,0,0,2.0,5,5,1,1,1,0,0,0,0,0,22.50,3.00
Juan Rincon,COL,44,2,0,0,0,2.0,3,1,3,2,0,0,0,0,0,0,4.50,2.50
Scott Strickland,FLA,47,3,0,0,0,2.0,5,2,0,1,0,0,0,0,0,0,9.00,3.00
Russ Springer,CIN,54,2,0,0,0,1.2,2,1,1,0,0,0,0,0,0,0,5.40,1.20
Matt Fox,BOS,40,3,0,0,0,1.2,4,2,0,1,0,0,0,0,0,0,10.80,3.00
Scott Mathieson,PHI,39,2,0,0,0,1.2,5,2,1,2,0,0,0,0,0,0,10.80,4.20
Hunter Jones,FLA,39,3,0,0,0,1.2,0,0,3,1,0,0,0,0,0,0,0.00,0.60
Enerio Del Rosario,HOU,37,2,0,0,0,1.1,4,3,1,0,0,0,0,0,0,0,20.25,3.00
James Houser,FLA,38,1,0,0,0,1.1,3,3,1,1,1,0,0,0,0,0,20.25,3.00
Rick van den Hurk,FLA,38,2,0,0,0,1.1,3,1,1,1,0,0,0,0,0,0,6.75,3.00
Pedro Viola,BAL,40,2,0,0,0,1.1,1,2,3,1,1,0,0,0,0,0,13.50,1.50
Fernando Cabrera,BOS,41,1,0,0,0,1.1,2,3,0,2,1,0,0,0,0,0,20.25,3.00
Merkin Valdez,TOR,41,2,0,0,0,1.1,2,3,0,3,0,0,0,0,0,0,20.25,3.75
Nate Robertson,PHI,46,2,0,0,0,1.0,5,6,2,2,1,0,0,0,0,0,54.00,7.00
Robert Delaney,MIN,39,1,0,0,0,1.0,2,1,0,1,1,0,0,0,0,0,9.00,3.00
Jeff Marquez,CWS,39,1,0,0,0,1.0,2,2,0,0,1,0,0,0,0,0,18.00,2.00
Evan MacLane,STL,40,2,0,0,0,1.0,1,1,0,1,1,0,1,0,0,0,9.00,2.00
Luis Perdomo,SD,39,1,0,0,0,1.0,1,1,0,0,1,0,0,0,0,0,9.00,1.00
Sandy Rosario,FLA,38,2,0,0,0,1.0,9,6,0,1,2,0,0,0,0,0,54.00,10.00
Chris Jakubauskas,PIT,44,1,1,0,0,0.2,2,2,0,0,0,0,1,0,0,0,27.00,3.00
Troy Patton,BAL,38,1,0,0,0,0.2,1,0,1,1,0,0,0,0,0,0,0.00,3.00
Scott Elbert,LAD,38,1,0,0,0,0.2,1,1,0,3,0,0,0,0,0,0,13.50,6.00
Guillermo Moscoso,TEX,39,1,0,0,0,0.2,2,2,2,2,0,0,0,0,0,0,27.00,6.00
Jay Sborz,DET,38,1,0,0,0,0.2,3,5,1,0,0,0,0,0,0,0,67.50,4.50
Jack Taschner,LAD,45,3,0,0,0,0.1,1,1,0,3,0,0,0,0,1,0,27.00,12.00